source_name,url,source_type,focus,location,priority
Museo Nacional del Prado,https://www.museodelprado.es/museo/empleo,employment,"museo;visitor experience;diseño;educación;gráfica",Madrid,high
Museo Reina Sofía,https://www.museoreinasofia.es/museo/empleo-becas-concursos/,mixed,"empleo;becas;residencias;exposiciones;arte contemporáneo",Madrid,high
Museo Nacional Thyssen-Bornemisza,https://www.museothyssen.org/empleo,employment,"museo;atención visitante;exposiciones;educación",Madrid,high
Matadero Madrid,https://www.mataderomadrid.org/convocatorias,open_call,"residencias;arte;educación;mediación;proyectos",Madrid,high
La Casa Encendida,https://www.lacasaencendida.es/convocatorias,open_call,"arte;proyectos;exposiciones;residencias",Madrid,high
Comunidad de Madrid - Artes visuales,https://www.comunidad.madrid/cultura/ayudas-concursos-seleccion-proyectos-artes-visuales,open_call,"artes visuales;concursos;ayudas;arte público",Madrid,high
Comunidad de Madrid - Convocatorias jóvenes,https://www.comunidad.madrid/juventud/convocatorias,open_call,"residencias;concursos;proyectos;arte",Madrid,medium
Grupo MT,https://www.mtgrupo.com/empleo,employment,"dibujo;pintura;arte;extraescolares;talleres",Madrid,high
MagmaCultura,https://talent.magmacultura.com/jobs,employment,"mediación cultural;museos;educación;atención visitante",Madrid,high
