empresa,titulo,url,fecha_visto,signature,content_fingerprint
Alan,Product Designer,https://jobs.ashbyhq.com/alan/4cfa1d2f-c930-4ae5-90c6-96eb1c8ada7f,2026-07-10,,
Secureframe,Senior Product Designer,https://jobs.lever.co/secureframe/74d169be-5146-4839-9692-edc5ffd22efb,2026-07-10,,
Smartsheet,"Director, Product Design (Remote Eligible)",https://job-boards.greenhouse.io/smartsheet/jobs/7630792,2026-07-10,,
Lodgify,Senior UX/UI Designer,https://jobs.lever.co/lodgify/1d284a01-07c5-43c2-b355-ef2db890ce6e,2026-07-16,,
Alan,Product Designer,https://jobs.ashbyhq.com/alan/1bf22834-f85d-4581-95a8-0a0278ba9013,2026-07-20,,
Oneleet,Senior Product Designer,https://jobs.ashbyhq.com/oneleet/b59426eb-f58e-4814-98b0-b22570679d3b,2026-07-20,,
Hospitable,Staff UI/UX Product Designer (USA/Europe - Remote),https://apply.workable.com/j/56CFE0BC48,2026-07-20,,
BVNK,Lead Product Designer - Design System,https://job-boards.eu.greenhouse.io/bvnk/jobs/4876105101,2026-07-22,,
BVNK,Principal Product Designer - Core Platform,https://job-boards.eu.greenhouse.io/bvnk/jobs/4876102101,2026-07-22,,
DuckDuckGo,Senior Product Design Engineer ,https://jobs.ashbyhq.com/duck-duck-go/ca69d3dd-7cef-4e02-9a1b-5f4d103fe4cd,2026-08-19,,
Lodgify,Product Designer,https://jobs.lever.co/lodgify/30bd9b9e-15f2-40ef-983c-cc51f6e53abf,2026-08-19,,
Aircall,Product Designer - AI Agents,https://jobs.lever.co/aircall/399ef97b-86e7-4454-9bdd-d3f3e03a1f8a,2026-08-31,,
Aircall,Senior Product Designer,https://jobs.lever.co/aircall/cce487d3-5e51-45c8-b38d-a84cb54ee81a,2026-08-31,,
Remote.com,Senior Product Designer,https://job-boards.greenhouse.io/remotecom/jobs/7762220003,2026-09-06,,
Super Technologies (Superbet),Senior Product Designer - Generosity,https://job-boards.eu.greenhouse.io/super/jobs/4940488101,2026-09-06,,
Super Technologies (Superbet),Senior Product Designer - Social,https://job-boards.eu.greenhouse.io/super/jobs/4849915101,2026-09-06,,
EverAI,Senior Product Designer (Full Remote - Europe),https://jobs.ashbyhq.com/everai/3068ad20-23ae-49c0-a611-a38c9809b98c,2026-09-06,,
EverAI,Senior Product Designer (Full Remote - France),https://jobs.ashbyhq.com/everai/7ab9cf04-5fe3-4d7b-83de-4b069046b9ab,2026-09-09,,
EverAI,Senior Product Designer (Full Remote - Germany),https://jobs.ashbyhq.com/everai/fbb45268-2b00-49a0-b06f-6f8d5716d42f,2026-09-09,,
EverAI,Senior Product Designer (Full Remote - Italy),https://jobs.ashbyhq.com/everai/f8e8162d-f32c-4bd5-8f57-5a39f48680eb,2026-09-09,,
EverAI,Senior Product Designer (Full Remote - Netherlands),https://jobs.ashbyhq.com/everai/cf5a47c5-a9c3-43e4-adc0-bccbaef1a4ef,2026-09-09,,
EverAI,Senior Product Designer (Full Remote - UK),https://jobs.ashbyhq.com/everai/2f552302-a5c2-4b80-b69e-95d7a2780568,2026-09-09,,
Smartsheet,Senior Product Designer I (Remote Eligible),https://job-boards.greenhouse.io/smartsheet/jobs/8191836,2026-09-11,,
lemlist,Senior Product Designer,https://jobs.ashbyhq.com/lemlist/80038def-5f02-4847-8da9-492370491573,2026-09-11,,
Finom,"Senior Product Designer - Credit & Cards, Europe (Remote)",https://jobs.eu.lever.co/pnlfin/08d589e7-dcc5-4eea-8145-99e01c621c91,2026-09-12,,
Insense,Sr. Product Designer (6 months) - Valencia,https://insense.na.teamtailor.com/jobs/695645-sr-product-designer-6-months,2026-09-12,,
Instrumentl,Senior Product Designer,https://jobs.lever.co/Instrumentl/ad8ecbe7-dbc1-474c-92f0-4fbf3ea4d9fd,2026-09-12,,
Celonis,"Senior Design Engineer, Design System",https://job-boards.greenhouse.io/celonis/jobs/7799736003?gh_jid=7799736003,2026-09-16,,
Celonis,"Senior Design Engineer, Design System ",https://job-boards.greenhouse.io/celonis/jobs/7799733003?gh_jid=7799733003,2026-09-16,,
WunderGraph,Senior Product Designer EMEA,https://jobs.ashbyhq.com/wundergraph/822c2b09-155e-448d-bb89-4976d0d99667,2026-09-16,,
RemoFirst,Senior Product Designer,https://jobs.lever.co/remofirst/63afeacf-d50c-4cfd-a394-446728a02d52,2026-09-18,,
Pearl,Senior Product Designer,https://jobs.ashbyhq.com/pearl/0da756bf-392b-4aa9-b6c4-8183369c9e50,2026-09-19,,
n8n,Senior/Staff Product Designer,https://jobs.ashbyhq.com/n8n/fe05c209-8069-4a88-aeba-8da23488cd30,2026-09-21,,
Resend,Product Designer (Europe),https://jobs.ashbyhq.com/resend/b4d679e8-f41b-4c59-b091-dc5581345fcb,2026-09-21,,
Secfix,Senior Product Designer,https://jobs.ashbyhq.com/secfix/3fd72701-24db-48a3-a3df-9c889d26b86b,2026-09-21,,
Tide,Senior Product Designer (Serbia),https://job-boards.greenhouse.io/tide/jobs/7779785003,2026-09-21,,
Resend,Product Designer,https://jobs.ashbyhq.com/resend/8d7e13ac-4c08-4981-9589-c163a4b29dee,2026-09-22,,
n8n,Head of Product Design,https://jobs.ashbyhq.com/n8n/eee6e2dc-c565-4cef-adee-a054b59b1c28,2026-09-22,,
Air Apps,Product Designer,https://jobs.ashbyhq.com/airapps/8bf67399-889e-4f80-a672-0e0b76f23382,2026-09-22,,
Air Apps,Product Designer,https://jobs.ashbyhq.com/airapps/90a741be-507b-41f1-a8c6-ddcbb33e11b6,2026-09-22,,
Air Apps,Product Designer,https://jobs.ashbyhq.com/airapps/56baa502-2bad-4ea3-bdb9-c3f2aa0cef4d,2026-09-22,,
Air Apps,Product Designer,https://jobs.ashbyhq.com/airapps/da6f1b93-c7a7-4b57-b2e7-1f7aed1affac,2026-09-22,,
Air Apps,Product Designer,https://jobs.ashbyhq.com/airapps/fce96016-6495-4d59-a9d8-1672a271e628,2026-09-22,,
Air Apps,Product Designer,https://jobs.ashbyhq.com/airapps/9b8f34e1-17b1-4f2b-a857-ad39282527b9,2026-09-22,,
Air Apps,Product Designer,https://jobs.ashbyhq.com/airapps/e0363e06-28d3-4b13-8fd4-73a2c9bb3dee,2026-09-22,,
Air Apps,Product Designer,https://jobs.ashbyhq.com/airapps/3bf15af5-ee19-4bea-bc57-49dd88cdcdda,2026-09-22,,
Air Apps,Product Designer,https://jobs.ashbyhq.com/airapps/b21d399e-e65e-4764-b078-989e9053e8f7,2026-09-22,,
Air Apps,Product Designer,https://jobs.ashbyhq.com/airapps/5850cf8d-f26a-4db5-ad14-5c3e0aab0c2d,2026-09-22,,
Air Apps,Product Designer,https://jobs.ashbyhq.com/airapps/03c0dd96-6be3-46a6-ab7a-8219d847cdf0,2026-09-22,,
Airtable,Product Designer (8+ YOE),https://job-boards.greenhouse.io/airtable/jobs/8400776002,2026-09-22,,
Alkemy Iberia,UX/UI Designer,https://jobs.innocv.com/jobs/7492454-ux-ui-designer,2026-09-22,,
Amplitude,Head of Product Design,https://job-boards.greenhouse.io/amplitude/jobs/8622704002,2026-09-22,,
Asana,Product Designer,https://www.asana.com/jobs/apply/7952123?gh_jid=7952123,2026-09-22,,
Asana,Product Designer,https://www.asana.com/jobs/apply/8024052?gh_jid=8024052,2026-09-22,,
Asana,"Product Designer, Coordinate",https://www.asana.com/jobs/apply/7587002?gh_jid=7587002,2026-09-22,,
BetterUp,"Principal Product Designer, Core",https://jobs.ashbyhq.com/betterup/3eb362fc-4911-42d4-b022-69d5c8c343ac,2026-09-22,,
BetterUp,"Staff Product Designer, Design Systems",https://jobs.ashbyhq.com/betterup/faa62bc5-cee2-4514-aab2-e656cf40b88c,2026-09-22,,
BetterUp,"Principal Product Designer, Partner Experience",https://jobs.ashbyhq.com/betterup/bad7334f-032f-4263-a8db-3bf8b0fcc1a0,2026-09-22,,
Bitpanda,"Senior Product Designer, Securities",https://job-boards.eu.greenhouse.io/bitpanda/jobs/4928780101,2026-09-22,,
Bitpanda,"Senior Product Designer, Securities",https://job-boards.eu.greenhouse.io/bitpanda/jobs/4930651101,2026-09-22,,
Calm,Senior Product Designer,https://job-boards.greenhouse.io/calm/jobs/8748033002,2026-09-22,,
Canonical,UX Designer - Design systems,https://job-boards.greenhouse.io/canonical/jobs/7043028,2026-09-22,,
Canonical,UX Designer - Developer experience,https://job-boards.greenhouse.io/canonical/jobs/7043026,2026-09-22,,
Canonical,UX Designer - Infrastructure,https://job-boards.greenhouse.io/canonical/jobs/6072086,2026-09-22,,
Doctolib,Head of Design System (x/f/m),https://job-boards.greenhouse.io/doctolib/jobs/7774771003,2026-09-22,,
Doctolib,Senior Software Engineer (Frontend) - Design System & Mobile (x/f/m) - Paris or Nantes,https://job-boards.greenhouse.io/doctolib/jobs/7667560003,2026-09-22,,
Epic Games,Senior Technical UI Designer,https://epicgames.com/careers/jobs/5979338004?gh_jid=5979338004,2026-09-22,,
Epic Games,Senior Technical UI Designer,https://epicgames.com/careers/jobs/5979336004?gh_jid=5979336004,2026-09-22,,
Figma,"Product Designer, AI Models",https://boards.greenhouse.io/figma/jobs/5711913004?gh_jid=5711913004,2026-09-22,,
Figma,"Product Designer, CMS",https://boards.greenhouse.io/figma/jobs/6126976004?gh_jid=6126976004,2026-09-22,,
Figma,"Product Designer, Design, Dev, & AI Tools",https://boards.greenhouse.io/figma/jobs/5711468004?gh_jid=5711468004,2026-09-22,,
Figma,"Product Designer, Design Systems",https://boards.greenhouse.io/figma/jobs/5787576004?gh_jid=5787576004,2026-09-22,,
Figma,"Product Designer, Growth & Monetization",https://boards.greenhouse.io/figma/jobs/5711595004?gh_jid=5711595004,2026-09-22,,
Figma,"Product Designer, Roundtripping (London, United Kingdom)",https://boards.greenhouse.io/figma/jobs/6193686004?gh_jid=6193686004,2026-09-22,,
Figma,Product Design Intern (2027),https://boards.greenhouse.io/figma/jobs/6180005004?gh_jid=6180005004,2026-09-22,,
GetYourGuide,Senior Product Designer (B2C),https://job-boards.greenhouse.io/getyourguide/jobs/7559680,2026-09-22,,
Intercom,Senior Product Designer,https://job-boards.greenhouse.io/intercom/jobs/7861866,2026-09-22,,
Intercom,Senior Product Designer,https://job-boards.greenhouse.io/intercom/jobs/7862050,2026-09-22,,
Intercom,Staff/Principal Product Designer,https://job-boards.greenhouse.io/intercom/jobs/7862042,2026-09-22,,
Intercom,Staff/Principal Product Designer,https://job-boards.greenhouse.io/intercom/jobs/7862038,2026-09-22,,
JetBrains,Lead Product Designer (FlySto),https://job-boards.eu.greenhouse.io/jetbrains/jobs/4790552101,2026-09-22,,
JetBrains,Lead Product Designer (YouTrack),https://job-boards.eu.greenhouse.io/jetbrains/jobs/4907838101,2026-09-22,,
JetBrains,Senior Product Designer (AIR),https://job-boards.eu.greenhouse.io/jetbrains/jobs/4806218101,2026-09-22,,
Level Access,Lead Technical Product Designer,https://jobs.ashbyhq.com/level/35579bc9-ddec-4dde-8a19-c0654a466f84,2026-09-22,,
monday.com,Lead Product Designer - AI Workflows,https://jobs.ashbyhq.com/monday.com/fee48786-19a6-452e-afef-9301f26bf4f2,2026-09-22,,
monday.com,Senior Product Designer - Harmony AI,https://jobs.ashbyhq.com/monday.com/a41b40da-19e3-4afe-b954-39bc26ebe66f,2026-09-22,,
monday.com,Lead Product Designer - CRM,https://jobs.ashbyhq.com/monday.com/99fe05b3-2ee0-4ee0-a75e-6ae8f887f508,2026-09-22,,
N26,Product Designer - Grow & Engage,https://n26.com/en-eu/careers/positions/8211088?gh_jid=8211088,2026-09-22,,
Notion,Product Designer,https://jobs.ashbyhq.com/notion/d177d052-ef57-4900-acf2-d58e9eded620,2026-09-22,,
Okta,Principal Product Designer – UI Platform,https://www.okta.com/company/careers/opportunity/8145887?gh_jid=8145887,2026-09-22,,
Okta,"Staff Product Designer, Auth0 ",https://www.okta.com/company/careers/opportunity/8078764?gh_jid=8078764,2026-09-22,,
Okta,"Staff Product Designer, Login and MFA (Auth0)",https://www.okta.com/company/careers/opportunity/8137889?gh_jid=8137889,2026-09-22,,
Oura,Senior AI-Native Product Designer ,https://job-boards.greenhouse.io/oura/jobs/4207833009,2026-09-22,,
Oura,Senior Product Design Engineer ,https://job-boards.greenhouse.io/oura/jobs/4203623009,2026-09-22,,
Oura,"Senior Product Designer, B2B eCommerce",https://job-boards.greenhouse.io/oura/jobs/4396652009,2026-09-22,,
Oura,Staff Product Designer ,https://job-boards.greenhouse.io/oura/jobs/4193678009,2026-09-22,,
Patreon,"Staff Product Designer, Discovery",https://jobs.ashbyhq.com/patreon/316e1383-ffe1-4397-b630-c4ac84e6d7b5,2026-09-22,,
Patreon,Product Design Manager,https://jobs.ashbyhq.com/patreon/27c0dac8-8f97-4090-b2e5-9ad6219621d8,2026-09-22,,
Patreon,Product Designer,https://jobs.ashbyhq.com/patreon/da2d339e-a2db-446c-a507-98da926c279c,2026-09-22,,
Pennylane,Product Design Manager,https://jobs.ashbyhq.com/pennylane/5b5fa189-654f-483f-8287-b812862264a2,2026-09-22,,
Pennylane,Product Designer (Confirmed/Senior) - Remote Europe 🇪🇺,https://jobs.ashbyhq.com/pennylane/d0918e54-49c5-42be-9e97-66b1186a4b66,2026-09-22,,
Pennylane,Product Designer (Confirmed/Senior) - Germany (m/w/d) ,https://jobs.ashbyhq.com/pennylane/0c36dac8-2482-47d1-940a-883ad394a737,2026-09-22,,
Pennylane,Design system manager,https://jobs.ashbyhq.com/pennylane/a54d975d-5dba-495c-9638-81b338602373,2026-09-22,,
Pennylane,Design system designer,https://jobs.ashbyhq.com/pennylane/6c3a7fb0-683c-4533-93e7-9417e270952c,2026-09-22,,
Performanze,Senior UI/UX Designer,https://careers.workflex.com/jobs/5091942-senior-ui-ux-designer,2026-09-22,,
Plaid,Product Designer,https://jobs.ashbyhq.com/plaid/add52eef-327d-4dcf-aad1-82ae6b9abc50,2026-09-22,,
Pleo,Staff Frontend Engineer - Design Systems,https://jobs.ashbyhq.com/pleo/c500a54b-e76f-4581-90c0-4fd4fe96facc,2026-09-22,,
Riot Games,Senior UX Designer  –  Unpublished R&D Product,https://www.riotgames.com/en/work-with-us/job/8187637?gh_jid=8187637,2026-09-22,,
Robinhood,"Product Designer, Social",https://boards.greenhouse.io/robinhood/jobs/7489964?t=gh_src=&gh_jid=7489964,2026-09-22,,
Robinhood,Senior Product Designer,https://boards.greenhouse.io/robinhood/jobs/7490017?t=gh_src=&gh_jid=7490017,2026-09-22,,
Robinhood,"Senior Product Designer, DeFi",https://boards.greenhouse.io/robinhood/jobs/8147756?t=gh_src=&gh_jid=8147756,2026-09-22,,
Robinhood,"Senior Product Designer, Redesign",https://boards.greenhouse.io/robinhood/jobs/6494244?t=gh_src=&gh_jid=6494244,2026-09-22,,
Robinhood,"Senior Product Designer, Trading",https://boards.greenhouse.io/robinhood/jobs/8160668?t=gh_src=&gh_jid=8160668,2026-09-22,,
Robinhood,"Staff Product Designer, National Impact",https://boards.greenhouse.io/robinhood/jobs/7804648?t=gh_src=&gh_jid=7804648,2026-09-22,,
Spin.AI,UI/UX Designer,https://jobs.lever.co/spinai/6d65f067-9f0e-439d-b4d7-ea9d8bdea1a8,2026-09-22,,
Stripe,Product Designer - Dashboard,https://stripe.com/jobs/search?gh_jid=7980578,2026-09-22,,
Stripe,"Product Designer, Global",https://stripe.com/jobs/search?gh_jid=7861422,2026-09-22,,
Stripe,"Product Designer, Growth",https://stripe.com/jobs/search?gh_jid=8164479,2026-09-22,,
Stripe,"Product Designer, Internal Tools",https://stripe.com/jobs/search?gh_jid=7954207,2026-09-22,,
Stripe,"Product Designer, Risk",https://stripe.com/jobs/search?gh_jid=7954118,2026-09-22,,
Stripe,"Product Designer, Stablecoin",https://stripe.com/jobs/search?gh_jid=7663023,2026-09-22,,
Stripe,"Product Designer, Terminal",https://stripe.com/jobs/search?gh_jid=7925550,2026-09-22,,
Stripe,"Product Design Manager, Global Payments",https://stripe.com/jobs/search?gh_jid=8096726,2026-09-22,,
Stripe,"Senior Staff Product Designer, Data & AI",https://stripe.com/jobs/search?gh_jid=8128499,2026-09-22,,
Stripe,"Senior Staff Product Designer, Risk",https://stripe.com/jobs/search?gh_jid=8031782,2026-09-22,,
Stripe,"Staff Product Designer, Link",https://stripe.com/jobs/search?gh_jid=7202630,2026-09-22,,
Supercell,"Senior UI Designer, Community",https://jobs.ashbyhq.com/supercell/ac462eb1-cbda-4c78-99bf-fcb71f917cc4,2026-09-22,,
Webflow,"Staff Product Designer, Agentic CMS",https://job-boards.greenhouse.io/webflow/jobs/8213629,2026-09-22,,
Wizeline,Product Designer (Hybrid Barcelona),https://www.wizeline.ai/careers/job?gh_jid=7406176,2026-09-22,,
Wizeline, Senior Product Designer - Barcelona Hybrid,https://www.wizeline.ai/careers/job?gh_jid=7384390,2026-09-22,,
Xsolla,AI Prototyping Expert (UI/UX),https://jobs.lever.co/xsolla/66c95500-3c74-43e2-ab3d-d962cff1ff95,2026-09-22,,
Launchmetrics,Associate Product Designer (SaaS digital product),https://careers.launchmetrics.com/jobs/8082265-associate-product-designer-saas-digital-product,2026-09-22,,
Hostaway,Senior Product Designer - Mobile - 100% Remote - EMEA,https://careers.hostaway.com/o/sr-product-designer-mobile-emea,2026-09-22,,
Miaplaza,"Senior Product Designer (Illustration & Motion, EdTech)",https://miaplaza.recruitee.com/o/senior-product-designer-illustration-motion-edtech,2026-09-22,,
TryHackMe,Product Designer (B2B),https://careers.tryhackme.com/jobs/8249850-product-designer-b2b,2026-09-22,,
Contentful,"Senior Manager, Product Design (f/m/d)",https://job-boards.greenhouse.io/contentful/jobs/8223747,2026-09-22,,
